Metric,Model A,Model B
Avg CLIPScore (↑),0.33666427433490753,0.32846498787403106
FID vs Real (↓),191.7880905452016,211.83217427870807
Inception Score (↑),5.877501964569092,6.1471028327941895
